{
  "best_model": "XGBoost",
  "all_results": {
    "Random Forest": {
      "accuracy": 0.7478051193273154,
      "precision": 0.6129863929338745,
      "recall": 0.8599176182981146,
      "f1": 0.7157530905492606,
      "roc_auc": 0.8471428847101878,
      "log_loss": 0.47160323891226574
    },
    "XGBoost": {
      "accuracy": 0.7667491034994436,
      "precision": 0.6784115242359354,
      "recall": 0.70024446602592,
      "f1": 0.6891551175782344,
      "roc_auc": 0.8489537327087981,
      "log_loss": 0.450359045029657
    },
    "Gradient Boosting": {
      "accuracy": 0.758983553851861,
      "precision": 0.6711560044893379,
      "recall": 0.6808881149325207,
      "f1": 0.6759870334967999,
      "roc_auc": 0.8407082032443696,
      "log_loss": 0.4624552876452768
    },
    "Logistic Regression": {
      "accuracy": 0.7111537034747125,
      "precision": 0.5818644238517324,
      "recall": 0.7738186932788587,
      "f1": 0.6642519368145688,
      "roc_auc": 0.7972728506253269,
      "log_loss": 0.540338825935987
    }
  }
}