{
  "accuracy": 0.8401755690574646,
  "auc": 0.91926109790802,
  "loss": 0.3580012023448944
}