{
  "accuracy": 0.8361815214157104,
  "auc": 0.915479302406311,
  "loss": 0.35846206545829773
}